{"stats":{"minecraft:custom":{"minecraft:jump":23,"minecraft:time_since_rest":1473,"minecraft:crouch_one_cm":83,"minecraft:damage_dealt":14,"minecraft:play_one_minute":1473,"minecraft:leave_game":3,"minecraft:sprint_one_cm":4741,"minecraft:walk_on_water_one_cm":162,"minecraft:time_since_death":1473,"minecraft:walk_one_cm":1536,"minecraft:sneak_time":17,"minecraft:walk_under_water_one_cm":60,"minecraft:swim_one_cm":1075,"minecraft:fall_one_cm":685,"minecraft:fly_one_cm":5658},"minecraft:mined":{"minecraft:large_fern":8,"minecraft:tall_grass":10,"minecraft:grass":22,"minecraft:poppy":4}},"DataVersion":2586}